terakomari_gandezblood,Terakomari
villhaze,Villhaze
amatsu_karla,Amatsu
karen_helvetius,KarenH
nelia_cunningham,Nelia
sakuna_memoire,Sakuna
millicent_bluenight,Millicent
flote_mascarail,Mascarail
